{
	   "providers": [ 
	   	{
           "type": "bitmap",
           "file": "minecraft:font/warn.png",
           "ascent": 8,
           "height": 10,
           "chars": ["\u901A"]
        },
        {
           "type": "bitmap",
           "file": "minecraft:font/heart.png",
           "ascent": 8,
           "height": 10,
           "chars": ["\u902A"] 
        },
        {
           "type": "bitmap",
           "file": "minecraft:font/heart_broke.png",
           "ascent": 8,
           "height": 10,
           "chars": ["\u903A"]
        },
		{
           "type": "bitmap",
           "file": "minecraft:font/time.png",
           "ascent": 8,
           "height": 10,
           "chars": ["\u905B"]
        },
		{
           "type": "bitmap",
           "file": "minecraft:font/emoji1.png",
           "ascent": 8,
           "height": 11,
           "chars": ["\u906B"]
        },
		{
           "type": "bitmap",
           "file": "minecraft:font/emoji2.png",
           "ascent": 8,
           "height": 11,
           "chars": ["\u906C"]
        },
		{
           "type": "bitmap",
           "file": "minecraft:font/emoji3.png",
           "ascent": 8,
           "height": 11,
           "chars": ["\u906D"]
        },
		{
           "type": "bitmap",
           "file": "minecraft:font/emoji4.png",
           "ascent": 8,
           "height": 11,
           "chars": ["\u906E"]
        },
		{
           "type": "bitmap",
           "file": "minecraft:font/emoji5.png",
           "ascent": 8,
           "height": 11,
           "chars": ["\u906F"]
        },
        {
           "type": "bitmap",
           "file": "minecraft:font/sign_succesfully.png",
           "ascent": 10,
           "height": 10,
           "chars": ["\u907B"]
        },
        {
           "type": "bitmap",
           "file": "minecraft:font/sign_warn.png",
           "ascent": 10,
           "height": 10,
           "chars": ["\u908A"]
        },
        {
           "type": "bitmap",
           "file": "minecraft:font/sign_blue.png",
           "ascent": 10,
           "height": 10,
           "chars": ["\u908B"]
        },
        {
           "type": "bitmap",
           "file": "minecraft:font/settings.png",
           "ascent": 9,
           "height": 12,
           "chars": ["\u908C"]
        },
        {
           "type": "bitmap",
           "file": "minecraft:font/coin_copper.png",
           "ascent": 8,
           "height": 11,
           "chars": ["\u908D"]
        },
        {
           "type": "bitmap",
           "file": "minecraft:font/coin_gold.png",
           "ascent": 8,
           "height": 11,
           "chars": ["\u908E"]
        },
        {
           "type": "bitmap",
           "file": "minecraft:font/coin_diamond.png",
           "ascent": 8,
           "height": 11,
           "chars": ["\u909A"]
        },
        {
           "type": "bitmap",
           "file": "minecraft:font/rules.png",
           "ascent": 8,
           "height": 11,
           "chars": ["\u909C"]
        },
        {
           "type": "bitmap",
           "file": "minecraft:font/earth.png",
           "ascent": 8,
           "height": 11,
           "chars": ["\u910A"]
        },
        {
           "type": "bitmap",
           "file": "minecraft:font/discord.png",
           "ascent": 8,
           "height": 11,
           "chars": ["\u910C"]
        },
        {
           "type": "bitmap",
           "file": "minecraft:font/twitter.png",
           "ascent": 8,
           "height": 11,
           "chars": ["\u910D"]
        },
        {
           "type": "bitmap",
           "file": "minecraft:font/bee.png",
           "ascent": 8,
           "height": 11,
           "chars": ["\u915A"]
        },
        {
           "type": "bitmap",
           "file": "minecraft:font/book.png",
           "ascent": 8,
           "height": 11,
           "chars": ["\u915B"]
        },
        {
           "type": "bitmap",
           "file": "minecraft:font/samurai.png",
           "ascent": 8,
           "height": 11,
           "chars": ["\u915C"]
        },
        {
           "type": "bitmap",
           "file": "minecraft:font/steve.png",
           "ascent": 8,
           "height": 11,
           "chars": ["\u916A"]
        },
        {
           "type": "bitmap",
           "file": "minecraft:font/tnt.png",
           "ascent": 8,
           "height": 11,
           "chars": ["\u916B"]
        },
        {
           "type": "bitmap",
           "file": "minecraft:font/trident.png",
           "ascent": 8,
           "height": 11,
           "chars": ["\u917A"]
        },
        {
           "type": "bitmap",
           "file": "minecraft:font/totem_of_undying.png",
           "ascent": 8,
           "height": 11,
           "chars": ["\u917B"]
        },
        {
           "type": "bitmap",
           "file": "minecraft:font/sugar.png",
           "ascent": 8,
           "height": 11,
           "chars": ["\u917C"]
        },
        {
           "type": "bitmap",
           "file": "minecraft:font/shulker_shell.png",
           "ascent": 8,
           "height": 11,
           "chars": ["\u917D"]
        },
        {
           "type": "bitmap",
           "file": "minecraft:font/saddle.png",
           "ascent": 8,
           "height": 11,
           "chars": ["\u917E"]
        },
        {
           "type": "bitmap",
           "file": "minecraft:font/potato.png",
           "ascent": 8,
           "height": 11,
           "chars": ["\u917F"]
        },
        {
           "type": "bitmap",
           "file": "minecraft:font/netherite_scrap.png",
           "ascent": 8,
           "height": 11,
           "chars": ["\u918A"]
        },
        {
           "type": "bitmap",
           "file": "minecraft:font/honey_bottle.png",
           "ascent": 8,
           "height": 11,
           "chars": ["\u918B"]
        },
        {
           "type": "bitmap",
           "file": "minecraft:font/gold_ingot.png",
           "ascent": 8,
           "height": 11,
           "chars": ["\u918C"]
        },
        {
           "type": "bitmap",
           "file": "minecraft:font/glow_berries.png",
           "ascent": 8,
           "height": 11,
           "chars": ["\u918D"]
        },
        {
           "type": "bitmap",
           "file": "minecraft:font/glistering_melon_slice.png",
           "ascent": 8,
           "height": 11,
           "chars": ["\u918E"]
        },
        {
           "type": "bitmap",
           "file": "minecraft:font/glass_bottle.png",
           "ascent": 8,
           "height": 11,
           "chars": ["\u918F"]
        },
        {
           "type": "bitmap",
           "file": "minecraft:font/firework_rocket.png",
           "ascent": 8,
           "height": 11,
           "chars": ["\u919A"]
        },
        {
           "type": "bitmap",
           "file": "minecraft:font/experience_bottle.png",
           "ascent": 8,
           "height": 11,
           "chars": ["\u919B"]
        },
        {
           "type": "bitmap",
           "file": "minecraft:font/cave_vines_lit.png",
           "ascent": 8,
           "height": 11,
           "chars": ["\u919C"]
        },
        {
           "type": "bitmap",
           "file": "minecraft:font/bamboo.png",
           "ascent": 8,
           "height": 11,
           "chars": ["\u919D"]
        },
        {
           "type": "bitmap",
           "file": "minecraft:font/axolotl_bucket.png",
           "ascent": 8,
           "height": 11,
           "chars": ["\u919E"]
        },
        {
           "type": "bitmap",
           "file": "minecraft:font/amethyst_shard.png",
           "ascent": 8,
           "height": 11,
           "chars": ["\u919F"]
        },
        {
           "type": "bitmap",
           "file": "minecraft:font/chef.png",
           "ascent": 1,
           "height": 50,
           "chars": ["\u924A"]
        },
        {
           "type": "bitmap",
           "file": "minecraft:font/nitro.png",
           "ascent": 1,
           "height": 50,
           "chars": ["\u930A"]
        },
        {
           "type": "bitmap",
           "file": "minecraft:font/user.png",
           "ascent": 7,
           "height": 10,
           "chars": ["\u950A"]
        },
        {
           "type": "bitmap",
           "file": "minecraft:font/vip.png",
           "ascent": 7,
           "height": 10,
           "chars": ["\u950B"]
        },
        {
           "type": "bitmap",
           "file": "minecraft:font/vipplus.png",
           "ascent": 7,
           "height": 10,
           "chars": ["\u950C"]
        },
        {
           "type": "bitmap",
           "file": "minecraft:font/god.png",
           "ascent": 7,
           "height": 10,
           "chars": ["\u951A"]
        },
        {
           "type": "bitmap",
           "file": "minecraft:font/mvp.png",
           "ascent": 7,
           "height": 10,
           "chars": ["\u951C"]
        },
        {
           "type": "bitmap",
           "file": "minecraft:font/elite.png",
           "ascent": 7,
           "height": 10,
           "chars": ["\u952A"]
        },
        {
           "type": "bitmap",
           "file": "minecraft:font/mega.png",
           "ascent": 7,
           "height": 10,
           "chars": ["\u952B"]
        },
        {
           "type": "bitmap",
           "file": "minecraft:font/patreon_dark.png",
           "ascent": 7,
           "height": 10,
           "chars": ["\u952C"]
        },
        {
           "type": "bitmap",
           "file": "minecraft:font/patreon_light.png",
           "ascent": 7,
           "height": 10,
           "chars": ["\u953A"]
        },
        {
           "type": "bitmap",
           "file": "minecraft:font/staff.png",
           "ascent": 7,
           "height": 10,
           "chars": ["\u953B"]
        },
        {
           "type": "bitmap",
           "file": "minecraft:font/mod.png",
           "ascent": 7,
           "height": 10,
           "chars": ["\u954A"]
        },
        {
           "type": "bitmap",
           "file": "minecraft:font/admin.png",
           "ascent": 7,
           "height": 10,
           "chars": ["\u954B"]
        },
        {
           "type": "bitmap",
           "file": "minecraft:font/builder.png",
           "ascent": 7,
           "height": 10,
           "chars": ["\u955A"]
        },
        {
           "type": "bitmap",
           "file": "minecraft:font/background.png",
           "ascent": 1,
           "height": 50,
           "chars": ["\u965A"]
        },
        {
           "type": "bitmap",
           "file": "minecraft:font/streamer.png",
           "ascent": 7,
           "height": 10,
           "chars": ["\u965B"]
        }
	]
}
